accuracy,precision,recall,f1_score
0.949,0.9489258293845937,0.949,0.9489366203707686
